Workbook

Sheet Instructions
A1: Basic Linear Algebra Calculation Practice Worksheet
A3: Lecture 03 Part 1: Mathematical Foundations
A4: ======================================================================
A6: [Learning Objectives]
A7: 1. Understand basic vector operations (addition, scalar multiplication, dot product)
A8: 2. Calculate vector norm (length) and angle
A9: 3. Understand matrix multiplication principle (row × column)
A10: 4. Calculate determinant and inverse matrix
A11: 5. Meaning and calculation of eigenvalues and eigenvectors
A13: [Key Formulas - Vector]
A14: • Dot Product: u · v = Σ uᵢvᵢ = u₁v₁ + u₂v₂ + ... + uₙvₙ
A15: • Norm: ||u|| = √(u · u) = √(u₁² + u₂² + ... + uₙ²)
A16: • Angle between vectors: cos(θ) = (u · v) / (||u|| × ||v||)
A17: • Projection: proj_u(v) = [(v · u) / (u · u)] × u
A19: [Key Formulas - Matrix]
... A45: 4. Remember matrix multiplication follows 'row × column' order!

Sheet Vector_Operations
A1: Vector Operations
A3: Progress: | B3: =COUNTIF(G:G,"✓")/15*100&"%"
A5: === Vector Definition ===
A6: Vector u = | B6: [ | C6: 3 | D6: 4 | E6: 0 | F6: ]
A7: Vector v = | B7: [ | C7: 1 | D7: 2 | E7: 2 | F7: ]
A9: ▶ 1. Vector addition (u + v)
A10: Formula: | B10: [u₁+v₁, u₂+v₂, u₃+v₃]
A11: u + v = | B11: [ | F11: ] | G11: =IF(AND(ABS(C11-Answer_Key!B4)<0.001,ABS(D11-Answer_Key!C4)<0.001,ABS(E11-Answer_Key!D4)<0.001),"✓","✗")
A13: ▶ 2. Vector subtraction (u - v)
A14: Formula: | B14: [u₁-v₁, u₂-v₂, u₃-v₃]
A15: u - v = | B15: [ | F15: ] | G15: =IF(AND(ABS(C15-Answer_Key!B5)<0.001,ABS(D15-Answer_Key!C5)<0.001,ABS(E15-Answer_Key!D5)<0.001),"✓","✗")
A17: ▶ 3. Scalar multiplication (2 × u)
A18: Formula: | B18: [c×u₁, c×u₂, c×u₃]
A19: 2 × u = | B19: [ | F19: ] | G19: =IF(AND(ABS(C19-Answer_Key!B6)<0.001,ABS(D19-Answer_Key!C6)<0.001,ABS(E19-Answer_Key!D6)<0.001),"✓","✗")
A21: ▶ 4. Dot product (u · v)
A22: Formula: | B22: u₁v₁ + u₂v₂ + u₃v₃
A23: Step 1: | B23: u₁×v₁ = 3×1 = | G23: =IF(ABS(E23-Answer_Key!B8)<0.001,"✓","✗")
A24: Step 2: | B24: u₂×v₂ = 4×2 = | G24: =IF(ABS(E24-Answer_Key!B9)<0.001,"✓","✗")
A25: Step 3: | B25: u₃×v₃ = 0×2 = | G25: =IF(ABS(E25-Answer_Key!B10)<0.001,"✓","✗")
A26: Total: | B26: u · v = | G26: =IF(ABS(E26-Answer_Key!B11)<0.001,"✓","✗")
A28: ▶ 5. Norm (||u||, ||v||)
A29: Formula: | B29: ||u|| = √(u₁² + u₂² + u₃²)
A30: ||u|| calculation: | B30: √(3² + 4² + 0²) = √(9 + 16 + 0) = | G30: =IF(ABS(G30-Answer_Key!B13)<0.001,"✓","✗") | H30: =IF(ABS(G30-Answer_Key!B12)<0.001,"✓","✗")
A31: ||v|| calculation: | B31: √(1² + 2² + 2²) = √(1 + 4 + 4) = | G31: =IF(ABS(G31-Answer_Key!B14)<0.001,"✓","✗") | H31: =IF(ABS(G31-Answer_Key!B13)<0.001,"✓","✗")
A33: ▶ 6. Angle between vectors
A34: Formula: | B34: cos(θ) = (u · v) / (||u|| × ||v||)
A35: cos(θ) = | B35: (u · v) / (||u|| × ||v||) = | G35: =IF(ABS(E35-Answer_Key!B16)<0.001,"✓","✗")
A36: θ (degrees) = | B36: arccos(cos(θ)) × (180/π) = | G36: =IF(ABS(E36-Answer_Key!B17)<1,"✓","✗")
A38: ▶ 7. Projection (project v onto u)
A39: Formula: | B39: proj_u(v) = [(v · u) / (u · u)] × u
A40: Scalar coefficient: | B40: (v · u) / (u · u) = | G40: =IF(ABS(E40-Answer_Key!B19)<0.001,"✓","✗")
A41: proj_u(v) = | B41: [ | F41: ] | G41: =IF(AND(ABS(C41-Answer_Key!B20)<0.001,ABS(D41-Answer_Key!C20)<0.001,ABS(E41-Answer_Key!D20)<0.001),"✓","✗")

Sheet Matrix_Operations
A1: Matrix Operations
A3: Progress: | B3: =COUNTIF(L:L,"✓")/15*100&"%"
A5: === Matrix Definition ===
A6: Matrix A = | B6: 1 | C6: 2 | D6: 0
B7: 3 | C7: 1 | D7: 1
B8: 0 | C8: 1 | D8: 2
A10: Matrix B = | B10: 2 | C10: 0 | D10: 1
B11: 1 | C11: 3 | D11: 0
B12: 0 | C12: 1 | D12: 2
A15: ▶ 1. Matrix addition (A + B)
A16: Formula: Add elements at same positions
A17: A + B = | F17: =IF(AND(ABS(B17-Answer_Key!B23)<0.001,ABS(C17-Answer_Key!C23)<0.001,ABS(D17-Answer_Key!D23)<0.001),"✓","✗") | L17: =IF(AND(ABS(B17-Answer_Key!B24)<0.001,ABS(C17-Answer_Key!C24)<0.001,ABS(D17-Answer_Key!D24)<0.001),"✓","✗")
F18: =IF(AND(ABS(B18-Answer_Key!B24)<0.001,ABS(C18-Answer_Key!C24)<0.001,ABS(D18-Answer_Key!D24)<0.001),"✓","✗") | L18: =IF(AND(ABS(B18-Answer_Key!B25)<0.001,ABS(C18-Answer_Key!C25)<0.001,ABS(D18-Answer_Key!D25)<0.001),"✓","✗")
F19: =IF(AND(ABS(B19-Answer_Key!B25)<0.001,ABS(C19-Answer_Key!C25)<0.001,ABS(D19-Answer_Key!D25)<0.001),"✓","✗") | L19: =IF(AND(ABS(B19-Answer_Key!B26)<0.001,ABS(C19-Answer_Key!C26)<0.001,ABS(D19-Answer_Key!D26)<0.001),"✓","✗")
A22: ▶ 2. Matrix multiplication (A × B) - Step by step
A23: Formula: (AB)ᵢⱼ = Σₖ Aᵢₖ × Bₖⱼ (dot product of A's row i and B's column j)
A25: (AB)₁₁ calculation:
A26: Row 1 of A: | B26: [1, 2, 0]
A27: Column 1 of B: | B27: [2, 1, 0]
A28: Dot product: | B28: 1×2 + 2×1 + 0×0 = | G28: =IF(ABS(G28-Answer_Key!B28)<0.001,"✓","✗") | H28: =IF(ABS(G28-Answer_Key!B28)<0.001,"✓","✗")
A30: A × B = | F30: =IF(AND(ABS(B30-Answer_Key!B30)<0.001,ABS(C30-Answer_Key!C30)<0.001,ABS(D30-Answer_Key!D30)<0.001),"✓","✗") | L30: =IF(AND(ABS(B30-Answer_Key!B30)<0.001,ABS(C30-Answer_Key!C30)<0.001,ABS(D30-Answer_Key!D30)<0.001),"✓","✗")
F31: =IF(AND(ABS(B31-Answer_Key!B31)<0.001,ABS(C31-Answer_Key!C31)<0.001,ABS(D31-Answer_Key!D31)<0.001),"✓","✗") | L31: =IF(AND(ABS(B31-Answer_Key!B31)<0.001,ABS(C31-Answer_Key!C31)<0.001,ABS(D31-Answer_Key!D31)<0.001),"✓","✗")
F32: =IF(AND(ABS(B32-Answer_Key!B32)<0.001,ABS(C32-Answer_Key!C32)<0.001,ABS(D32-Answer_Key!D32)<0.001),"✓","✗") | L32: =IF(AND(ABS(B32-Answer_Key!B32)<0.001,ABS(C32-Answer_Key!C32)<0.001,ABS(D32-Answer_Key!D32)<0.001),"✓","✗")
A35: ▶ 3. Transpose matrix (Aᵀ)
A36: Formula: (Aᵀ)ᵢⱼ = Aⱼᵢ (swap rows and columns)
A37: Aᵀ = | F37: =IF(AND(ABS(B37-Answer_Key!B35)<0.001,ABS(C37-Answer_Key!C35)<0.001,ABS(D37-Answer_Key!D35)<0.001),"✓","✗") | L37: =IF(AND(ABS(B37-Answer_Key!B34)<0.001,ABS(C37-Answer_Key!C34)<0.001,ABS(D37-Answer_Key!D34)<0.001),"✓","✗")
F38: =IF(AND(ABS(B38-Answer_Key!B36)<0.001,ABS(C38-Answer_Key!C36)<0.001,ABS(D38-Answer_Key!D36)<0.001),"✓","✗") | L38: =IF(AND(ABS(B38-Answer_Key!B35)<0.001,ABS(C38-Answer_Key!C35)<0.001,ABS(D38-Answer_Key!D35)<0.001),"✓","✗")
F39: =IF(AND(ABS(B39-Answer_Key!B37)<0.001,ABS(C39-Answer_Key!C37)<0.001,ABS(D39-Answer_Key!D37)<0.001),"✓","✗") | L39: =IF(AND(ABS(B39-Answer_Key!B36)<0.001,ABS(C39-Answer_Key!C36)<0.001,ABS(D39-Answer_Key!D36)<0.001),"✓","✗")
A42: ▶ 4. Determinant det(A) - 3×3
A43: Use Sarrus' rule or cofactor expansion
A44: Sum of main diagonal products: | C44: 1×1×2 + 2×1×0 + 0×3×1
A45: Sum of anti-diagonal products: | C45: 0×1×0 + 1×1×1 + 2×3×2
A46: det(A) = | D46: =IF(ABS(C46-Answer_Key!B38)<0.001,"✓","✗") | E46: =IF(ABS(C46-Answer_Key!B40)<0.001,"✓","✗")
A48: ▶ 5. 2×2 Inverse matrix
A49: Matrix M = | B49: 4 | C49: 2
B50: 1 | C50: 3
A52: Formula: | B52: M⁻¹ = (1/det) × [d, -b; -c, a]
A53: det(M) = | B53: 4×3 - 2×1 = | E53: =IF(ABS(E53-Answer_Key!B42)<0.001,"✓","✗") | G53: =IF(ABS(E53-Answer_Key!B44)<0.001,"✓","✗")
A55: M⁻¹ = | D55: =IF(AND(ABS(B55-Answer_Key!B44)<0.001,ABS(C55-Answer_Key!C44)<0.001),"✓","✗") | E55: =IF(AND(ABS(B55-Answer_Key!B46)<0.001,ABS(C55-Answer_Key!C46)<0.001),"✓","✗")
D56: =IF(AND(ABS(B56-Answer_Key!B45)<0.001,ABS(C56-Answer_Key!C45)<0.001),"✓","✗") | E56: =IF(AND(ABS(B56-Answer_Key!B47)<0.001,ABS(C56-Answer_Key!C47)<0.001),"✓","✗")

Sheet Eigenvalue_Eigenvector
A1: Eigenvalue & Eigenvector
A3: Progress: | B3: =COUNTIF(F:F,"✓")/8*100&"%"
A5: === Concept Review ===
A6: Eigenvalue definition: | B6: Av = λv (Matrix A scales vector v by λ)
A7: Characteristic equation: | B7: det(A - λI) = 0
A9: === 2×2 Matrix M ===
A10: Matrix M = | B10: 4 | C10: 2
B11: 1 | C11: 3
A14: ▶ Step 1: Characteristic equation
A15: M - λI = | B15: [4-λ, 2; 1, 3-λ]
A17: det(M - λI) = 0:
A18: Expanding: | B18: (4-λ)(3-λ) - (2)(1) = 0
A19: Summarizing: | B19: λ² - (trace)λ + det = 0
A21: trace(M) = 4 + 3 = | F21: =IF(ABS(D21-Answer_Key!B49)<0.001,"✓","✗")
A22: det(M) = 4×3 - 2×1 = | F22: =IF(ABS(D22-Answer_Key!B50)<0.001,"✓","✗")
A24: ▶ Step 2: Calculate eigenvalues
A25: Characteristic equation: | B25: λ² - 7λ + 10 = 0
A26: Quadratic formula: | B26: λ = [trace ± √(trace² - 4×det)] / 2
A28: Discriminant = trace² - 4×det = | C28: 7² - 4×10 = | F28: =IF(ABS(E28-Answer_Key!B53)<0.001,"✓","✗")
A30: Eigenvalue λ₁ = | F30: =IF(ABS(C30-Answer_Key!B55)<0.001,"✓","✗")
A31: Eigenvalue λ₂ = | F31: =IF(ABS(C31-Answer_Key!B56)<0.001,"✓","✗")
A33: ▶ Step 3: Verification
A34: Is trace(M) = λ₁ + λ₂?
A35: Is det(M) = λ₁ × λ₂?
A37: ▶ Step 4: Eigenvector (for λ₁)
A38: Solve (M - λ₁I)v = 0
A40: M - λ₁I = | B40: [4-5, 2; 1, 3-5]
B41: =[-1, 2; 1, -2]
A43: Hint: | B43: From first row: (M₁₁-λ₁)v₁ + M₁₂v₂ = 0
B44: Setting v₂ = 1, v₁ = -M₁₂/(M₁₁-λ₁)
A46: Eigenvector v₁ = | B46: [ | E46: ] | F46: =IF(ABS(C46/D46-Answer_Key!B61/Answer_Key!C61)<0.1,"✓","✗")

Sheet Answer_Key
A1: Answer Key - Linear Algebra
A3: === Vector Operations ===
A4: u + v | B4: 4 | C4: 6 | D4: 2
A5: u - v | B5: 2 | C5: 2 | D5: -2
A6: 2 × u | B6: 6 | C6: 8 | D6: 0
A8: u₁×v₁ | B8: 3
A9: u₂×v₂ | B9: 8
A10: u₃×v₃ | B10: 0
A11: u · v | B11: 11
A13: ||u|| | B13: 5
A14: ||v|| | B14: 3
A16: cos(θ) | B16: 0.7333
A17: θ (degrees) | B17: 42.83
A19: Scalar coefficient | B19: 0.44
A20: proj_u(v) | B20: 1.32 | C20: 1.76 | D20: 0
A23: === Matrix Operations ===
A24: A + B | B24: 3 | C24: 2 | D24: 1
B25: 4 | C25: 4 | D25: 1
B26: 0 | C26: 2 | D26: 4
A28: (AB)₁₁ | B28: 4
A30: A × B | B30: 4 | C30: 6 | D30: 1
B31: 7 | C31: 4 | D31: 5
B32: 1 | C32: 5 | D32: 4
A34: Aᵀ | B34: 1 | C34: 3 | D34: 0
B35: 2 | C35: 1 | D35: 1
B36: 0 | C36: 1 | D36: 2
A38: det(A) | B38: -11
A41: === 2×2 Inverse ===
A42: det(M) | B42: 10
A44: M⁻¹ | B44: 0.3 | C44: -0.2
B45: -0.1 | C45: 0.4
A48: === Eigenvalue ===
A49: trace(M) | B49: 7
A50: det(M) | B50: 10
A53: Discriminant | B53: 9
A55: λ₁ | B55: 5
A56: λ₂ | B56: 2
A61: Eigenvector v₁ | B61: 0.8944 | C61: 0.4472
