Workbook

Sheet Instructions
A1: Probability and Statistics Basic Calculation Practice Worksheet
A3: Lecture 03 Part 2: Probability and Statistics Fundamentals
A4: ======================================================================
A6: [Learning Objectives]
A7: 1. Calculate expected value and variance of discrete probability distribution
A8: 2. Understand covariance and correlation between two variables
A9: 3. Apply conditional probability and Bayes' theorem
A10: 4. Calculate binomial distribution probability
A11: 5. Real application of statistical concepts (disease test example)
A13: [Key Formulas - Expected Value and Variance]
A14: * Expected value (Expectation): E[X] = Sum(x_i * P(x_i))
A15: * Variance: Var(X) = E[X^2] - (E[X])^2
A16: or Var(X) = E[(X - mu)^2]
A17: * Standard deviation (Std Dev): sigma = sqrt(Var(X))
A19: [Key Formulas - Covariance and Correlation]
... A44: ■ Wrong

Sheet Expectation_Variance
A1: Expected Value and Variance
A3: Progress: | B3: =COUNTIF(I:I,"V")/10*100&"%"
A5: === Biased Dice Probability Distribution ===
A6: (Biased dice with certain faces appearing more often)
A8: x (value) | B8: 1 | C8: 2 | D8: 3 | E8: 4 | F8: 5 | G8: 6
A9: X | B9: 1 | C9: 2 | D9: 3 | E9: 4 | F9: 5 | G9: 6
A10: P(X=x) | B10: 0.1 | C10: 0.1 | D10: 0.2 | E10: 0.2 | F10: 0.2 | G10: 0.2
A12: Probability sum verification: | B12: Sum P(x) = | D12: 1 | E12: (should be = 1)
A14: >>> Step 1: Expected value E[X]
A15: Formula: E[X] = Sum(x * P(x))
A17: x * P(x) | B17: 1*0.1 | C17: 2*0.1 | D17: 3*0.2 | E17: 4*0.2 | F17: 5*0.2 | G17: 6*0.2
A18: = | I18: =IF(AND(ABS(B18-Answer_Key!B3)<0.01,ABS(C18-Answer_Key!C3)<0.01,ABS(D18-Answer_Key!D3)<0.01,ABS(E18-Answer_Key!E3)<0.01,ABS(F18-Answer_Key!F3)<0.01,ABS(G18-Answer_Key!G3)<0.01),"V","X")
A20: E[X] = Total = | E20: =IF(ABS(C20-Answer_Key!B5)<0.01,"V","X")
A22: >>> Step 2: E[X^2]
A23: Formula: E[X^2] = Sum(x^2 * P(x))
A25: x^2 | B25: 1 | C25: 4 | D25: 9 | E25: 16 | F25: 25 | G25: 36
A26: x^2 * P(x) | I26: =IF(AND(ABS(B26-Answer_Key!B8)<0.01,ABS(C26-Answer_Key!C8)<0.01,ABS(D26-Answer_Key!D8)<0.01,ABS(E26-Answer_Key!E8)<0.01,ABS(F26-Answer_Key!F8)<0.01,ABS(G26-Answer_Key!G8)<0.01),"V","X")
A28: E[X^2] = Total = | E28: =IF(ABS(C28-Answer_Key!B10)<0.01,"V","X")
A30: >>> Step 3: Variance Var(X)
A31: Formula: Var(X) = E[X^2] - (E[X])^2
A33: (E[X])^2 = | E33: =IF(ABS(C33-Answer_Key!B12)<0.01,"V","X")
A34: Var(X) = | B34: E[X^2] - (E[X])^2 = | G34: =IF(ABS(E34-Answer_Key!B13)<0.01,"V","X")
A36: >>> Step 4: Standard deviation
A37: Formula: sigma = sqrt(Var(X))
A39: sigma = | E39: =IF(ABS(C39-Answer_Key!B15)<0.01,"V","X")
A41: === Result Summary ===
A42: E[X] = 3.90
A43: Var(X) = 2.4900
A44: sigma = 1.5780

Sheet Covariance_Correlation
A1: Covariance & Correlation
A3: Progress: | B3: =COUNTIF(H:H,"V")/8*100&"%"
A5: === Two Variable Data (n=5) ===
A7: i | B7: 1 | C7: 2 | D7: 3 | E7: 4 | F7: 5
A8: X_i | B8: 2 | C8: 4 | D8: 6 | E8: 8 | F8: 10
A9: Y_i | B9: 1 | C9: 3 | D9: 4 | E9: 6 | F9: 8
A11: >>> Step 1: Calculate mean
A12: mean_X = | B12: Sum(X_i)/n = 30/5 = | G12: =IF(ABS(E12-Answer_Key!B20)<0.01,"V","X")
A13: mean_Y = | B13: Sum(Y_i)/n = 22/5 = | G13: =IF(ABS(E13-Answer_Key!B21)<0.01,"V","X")
A15: >>> Step 2: Calculate deviation
A16: X_i - mean_X | B16: -4 | C16: -2 | D16: 0 | E16: 2 | F16: 4
A17: Y_i - mean_Y | B17: -3.4 | C17: -1.4 | D17: -0.4 | E17: 1.6 | F17: 3.6
A19: >>> Step 3: Covariance
A20: Formula: Cov(X,Y) = (1/n) * Sum((X_i - mean_X)(Y_i - mean_Y))
A22: (X-mean)(Y-mean) | H22: =IF(AND(ABS(B22-Answer_Key!B25)<0.01,ABS(C22-Answer_Key!C25)<0.01,ABS(D22-Answer_Key!D25)<0.01,ABS(E22-Answer_Key!E25)<0.01,ABS(F22-Answer_Key!F25)<0.01),"V","X")
A24: Total = | E24: =IF(ABS(C24-Answer_Key!B27)<0.01,"V","X")
A25: Cov(X,Y) = | B25: Total / 5 = | F25: =IF(ABS(D25-Answer_Key!B28)<0.01,"V","X")
A27: >>> Step 4: Standard deviation
A28: sigma_X = | B28: sqrt(Var(X)) = | F28: =IF(ABS(D28-Answer_Key!B30)<0.01,"V","X")
A29: sigma_Y = | B29: sqrt(Var(Y)) = | F29: =IF(ABS(D29-Answer_Key!B31)<0.01,"V","X")
A31: >>> Step 5: Correlation coefficient
A32: Formula: rho = Cov(X,Y) / (sigma_X * sigma_Y)
A34: rho = | E34: =IF(ABS(C34-Answer_Key!B33)<0.01,"V","X")
A36: === Correlation Coefficient Interpretation ===
A37: rho = 1: Perfect positive correlation
A38: rho = 0: No correlation
A39: rho = -1: Perfect negative correlation
A41: Result: rho = 0.9948 -> Strong positive correlation

Sheet Bayes_Theorem
A1: Bayes' Theorem
A3: Progress: | B3: =COUNTIF(E:E,"V")/5*100&"%"
A5: === Problem: Disease Test ===
A7: The prevalence of a rare disease is 1%.
A8: Sensitivity (positive when disease present): 95%
A9: False positive rate (positive when no disease): 5%
A11: Question: When the test result is positive,
A12: What is the probability of actually having the disease?
A14: === Given Information ===
A15: P(D) = Disease prevalence | C15: 0.01
A16: P(D^c) = Probability of no disease | C16: 0.99
A17: P(+|D) = Sensitivity | C17: 0.95
A18: P(+|D^c) = False positive rate | C18: 0.05
A20: >>> Step 1: Calculate P(+)
A21: Law of total probability:
A22: P(+) = P(+|D)*P(D) + P(+|D^c)*P(D^c)
A24: P(+|D) * P(D) = | B24: 0.95 * 0.01 = | E24: =IF(ABS(D24-Answer_Key!B38)<0.0001,"V","X")
A25: P(+|D^c) * P(D^c) = | B25: 0.05 * 0.99 = | E25: =IF(ABS(D25-Answer_Key!B39)<0.0001,"V","X")
A27: P(+) = Total = | E27: =IF(ABS(C27-Answer_Key!B40)<0.0001,"V","X")
A29: >>> Step 2: Bayes' theorem
A30: P(D|+) = P(+|D) * P(D) / P(+)
A32: P(D|+) = | E32: =IF(ABS(C32-Answer_Key!B42)<0.001,"V","X")
A34: === Result Interpretation ===
A35: Actual disease probability when positive result: | D35: 16.1%
A37: Surprising result: Even if positive, actual disease probability is only about 16%!
A39: Reason:
A40: - Many false positives due to low prevalence (1%)
A41: - About 5 out of 99 are false positives (4.95)
A42: - 0.95 out of 1 are true positives
A43: - True positive ratio among positives = 0.95 / (0.95 + 4.95) ~ 16%
A45: This is an example of 'Base Rate Fallacy'!

Sheet Distributions
A1: Binomial Distribution
A3: Progress: | B3: =COUNTIF(E:E,"V")/6*100&"%"
A5: === Problem: Biased Coin Toss ===
A7: A coin with 0.3 probability of heads
A8: When thrown 10 times,
A9: What is the probability of exactly 3 heads?
A11: === Parameters ===
A12: n (number of trials) | B12: 10
A13: p (success probability) | B13: 0.3
A14: k (target success count) | B14: 3
A16: === Binomial Distribution Formula ===
A17: P(X=k) = C(n,k) * p^k * (1-p)^(n-k)
A19: >>> Step 1: Binomial coefficient C(n,k)
A20: C(n,k) = n! / (k! * (n-k)!)
A21: C(10,3) = | B21: 10! / (3! * 7!) = | F21: =IF(ABS(E21-Answer_Key!B48)<0.01,"V","X")
A23: >>> Step 2: p^k
A24: p^k = 0.3^3 = | E24: =IF(ABS(C24-Answer_Key!B50)<0.0001,"V","X")
A26: >>> Step 3: (1-p)^(n-k)
A27: (1-p)^(n-k) = 0.7^7 = | F27: =IF(ABS(D27-Answer_Key!B52)<0.0001,"V","X")
A29: >>> Step 4: Final probability
A30: P(X=3) = | B30: C(n,k) * p^k * (1-p)^(n-k) = | F30: =IF(ABS(E30-Answer_Key!B54)<0.0001,"V","X")
A32: === Binomial Distribution Properties ===
A33: Expected value E[X] = n*p = | C33: 10 * 0.3 = | F33: =IF(ABS(E33-Answer_Key!B56)<0.01,"V","X")
A34: Variance Var(X) = n*p*(1-p) = | C34: 10 * 0.3 * 0.7 = | F34: =IF(ABS(E34-Answer_Key!B57)<0.01,"V","X")
A36: === Result Summary ===
A37: P(X=3) = 0.2668 | C37: (26.68%)
A38: E[X] = 3.0
A39: Var(X) = 2.10

Sheet Answer_Key
A1: Answer Key - Probability & Statistics
A3: === Expectation/Variance ===
A4: x * P(x) | B4: 0.1 | C4: 0.2 | D4: 0.6 | E4: 0.8 | F4: 1 | G4: 1.2
A6: E[X] | B6: 3.9
A8: x^2 (reference) | B8: 1 | C8: 4 | D8: 9 | E8: 16 | F8: 25 | G8: 36
A9: x^2 * P(x) | B9: 0.1 | C9: 0.4 | D9: 1.8 | E9: 3.2 | F9: 5 | G9: 7.2
A11: E[X^2] | B11: 17.7
A13: (E[X])^2 | B13: 15.21
A14: Var(X) | B14: 2.49
A16: sigma | B16: 1.578
A19: === Covariance/Correlation ===
A20: mean_X | B20: 6
A21: mean_Y | B21: 4.4
A24: (X-mean)(Y-mean) | B24: 13.6 | C24: 2.8 | D24: 0 | E24: 3.2 | F24: 14.4
A26: Sum | B26: 34
A27: Cov(X,Y) | B27: 6.8
A29: sigma_X | B29: 2.8284
A30: sigma_Y | B30: 2.4166
A32: rho | B32: 0.9948
A35: === Bayes Theorem ===
A36: P(+|D)*P(D) | B36: 0.0095
A37: P(+|D^c)*P(D^c) | B37: 0.0495
A38: P(+) | B38: 0.059
A40: P(D|+) | B40: 0.161017
A44: === Binomial Distribution ===
A45: C(n,k) | B45: 120
A47: p^k | B47: 0.027
A49: (1-p)^(n-k) | B49: 0.082354
A51: P(X=k) | B51: 0.266828
A53: E[X] | B53: 3
A54: Var(X) | B54: 2.1
